"Handle","Layer","Style","ProjectedDrawingLength","DimensionMeasurement","DisplayedText","Dimscale","Dimlfac","Dimtxt","Dimtxsty","Dimrnd","Dimdec"
"C7","S-DIM","TSSD_25_100","879.9999978027772","219.9999994506943","220","1","0.25","300","TSSD_Rein","5","0"
"D6","S-DIM","TSSD_25_100","120.0000016936101","30.000000423402525","30","1","0.25","300","TSSD_Rein","5","0"
"E5","S-DIM","TSSD_25_100","79.99999830662273","19.999999576655682","20","1","0.25","300","TSSD_Rein","5","0"
"F4","S-DIM","TSSD_25_100","240.00000217743218","60.000000544358045","60","1","0.25","300","TSSD_Rein","5","0"
"101","S-DIM","TSSD_25_100","1960.000007301569","490.00000182539225","490","1","0.25","300","TSSD_Rein","5","0"
"10E","S-DIM","TSSD_25_100","479.99999998509884","119.99999999627471","120","1","0.25","300","TSSD_Rein","5","0"
"11B","S-DIM","TSSD_25_100","759.999998614192","189.999999653548","190","1","0.25","300","TSSD_Rein","5","0"
"128","S-DIM","TSSD_25_100","2039.9999914169312","509.9999978542328","510","1","0.25","300","TSSD_Rein","5","0"
"135","S-DIM","TSSD_25_100","680.0000071078539","170.00000177696347","170","1","0.25","300","TSSD_Rein","5","0"
"142","S-DIM","TSSD_25_100","120","30","30","1","0.25","300","TSSD_Rein","5","0"
